mpaSize,attr,biomass,catch
0.05,1,17667.528289824528,2508.0329651907655
0.1,1,18034.274281236547,2531.4302251043255
0.15000000000000002,1,18429.696338323956,2555.6650662650973
0.2,1,18861.55748059091,2581.015689956429
0.05,3,20417.491916332037,2708.6562019965977
0.1,3,23183.539068742313,2870.002828370001
0.15000000000000002,3,25833.941254000438,2992.2356543147225
0.2,3,28468.432521143168,3085.4660141976397
0.05,9,23790.99518293809,2915.1544620674154
0.1,9,28663.547887999597,3121.6042549732524
0.15000000000000002,9,33156.70099500901,3233.9453133570414
0.2,9,37556.55752664084,3284.502739453939
0.05,15,26572.94751525386,3048.518929946374
0.1,15,33316.2550403689,3243.11642412617
0.15000000000000002,15,39581.623202244555,3297.8344697025796
0.2,15,45590.33911837147,3262.7849675877183
0.25,1,19341.0889562386,2607.8958036096237
0.3,1,20737.76208138378,2691.243708558915
0.35,1,24804.96627281981,2903.075504598477
0.4,1,27727.12764672985,3007.935914576668
0.25,3,31141.538548777637,3154.6190582511995
0.3,3,33887.26432130089,3202.1639552558163
0.35,3,36600.242208253156,3229.4924070300654
0.4,3,39321.399318301104,3238.512365301513
0.25,9,41932.23527065124,3286.5626727069753
0.3,9,46288.30238961558,3248.2663689551596
0.35,9,50040.100070918845,3189.2206100724684
0.4,9,53354.1367690085,3116.708541564564
0.25,15,51331.67135245087,3165.052892917925
0.3,15,56774.73542528791,3024.1986886621276
0.35,15,61096.54642386696,2886.224247777034
0.4,15,64616.38245822263,2754.655967126984
