year,run,biomass,catch
150,NoMPA,17324.422654258127,2485.325423518802
