year,biomass,catch
150,26522.865690012764,2990.4768498301523
